--
-- PostgreSQL database dump
--

-- Dumped from database version 10.12
-- Dumped by pg_dump version 10.12

SET statement_timeout = 0;
SET lock_timeout = 0;
SET idle_in_transaction_session_timeout = 0;
SET client_encoding = 'UTF8';
SET standard_conforming_strings = on;
SELECT pg_catalog.set_config('search_path', '', false);
SET check_function_bodies = false;
SET xmloption = content;
SET client_min_messages = warning;
SET row_security = off;

--
-- Name: plpgsql; Type: EXTENSION; Schema: -; Owner: 
--

CREATE EXTENSION IF NOT EXISTS plpgsql WITH SCHEMA pg_catalog;


--
-- Name: EXTENSION plpgsql; Type: COMMENT; Schema: -; Owner: 
--

COMMENT ON EXTENSION plpgsql IS 'PL/pgSQL procedural language';


SET default_tablespace = '';

SET default_with_oids = false;

--
-- Name: employee; Type: TABLE; Schema: public; Owner: postgres
--

CREATE TABLE public.employee (
    id integer NOT NULL,
    first_name character varying(50) NOT NULL,
    last_name character varying(50) NOT NULL,
    phone_no character varying(20) NOT NULL,
    "position" character varying(30) NOT NULL,
    employment_date date NOT NULL
);


ALTER TABLE public.employee OWNER TO postgres;

--
-- Name: COLUMN employee.first_name; Type: COMMENT; Schema: public; Owner: postgres
--

COMMENT ON COLUMN public.employee.first_name IS 'имя';


--
-- Name: COLUMN employee.last_name; Type: COMMENT; Schema: public; Owner: postgres
--

COMMENT ON COLUMN public.employee.last_name IS 'фамилия';


--
-- Name: COLUMN employee.phone_no; Type: COMMENT; Schema: public; Owner: postgres
--

COMMENT ON COLUMN public.employee.phone_no IS 'телефон';


--
-- Name: COLUMN employee."position"; Type: COMMENT; Schema: public; Owner: postgres
--

COMMENT ON COLUMN public.employee."position" IS 'должность';


--
-- Name: COLUMN employee.employment_date; Type: COMMENT; Schema: public; Owner: postgres
--

COMMENT ON COLUMN public.employee.employment_date IS 'дата трудоустройства';


--
-- Name: employee_id_seq; Type: SEQUENCE; Schema: public; Owner: postgres
--

CREATE SEQUENCE public.employee_id_seq
    AS integer
    START WITH 1
    INCREMENT BY 1
    NO MINVALUE
    NO MAXVALUE
    CACHE 1;


ALTER TABLE public.employee_id_seq OWNER TO postgres;

--
-- Name: employee_id_seq; Type: SEQUENCE OWNED BY; Schema: public; Owner: postgres
--

ALTER SEQUENCE public.employee_id_seq OWNED BY public.employee.id;


--
-- Name: price_Id_seq; Type: SEQUENCE; Schema: public; Owner: postgres
--

CREATE SEQUENCE public."price_Id_seq"
    START WITH 1
    INCREMENT BY 1
    NO MINVALUE
    NO MAXVALUE
    CACHE 1;


ALTER TABLE public."price_Id_seq" OWNER TO postgres;

--
-- Name: SEQUENCE "price_Id_seq"; Type: COMMENT; Schema: public; Owner: postgres
--

COMMENT ON SEQUENCE public."price_Id_seq" IS 'DbWrench Autogenerated Sequence.';


--
-- Name: price; Type: TABLE; Schema: public; Owner: postgres
--

CREATE TABLE public.price (
    price_per_day integer NOT NULL,
    id integer DEFAULT nextval('public."price_Id_seq"'::regclass) NOT NULL,
    period integer
);


ALTER TABLE public.price OWNER TO postgres;

--
-- Name: COLUMN price.price_per_day; Type: COMMENT; Schema: public; Owner: postgres
--

COMMENT ON COLUMN public.price.price_per_day IS 'цена за день';


--
-- Name: room_id_req; Type: SEQUENCE; Schema: public; Owner: postgres
--

CREATE SEQUENCE public.room_id_req
    START WITH 1
    INCREMENT BY 1
    NO MINVALUE
    NO MAXVALUE
    CACHE 1;


ALTER TABLE public.room_id_req OWNER TO postgres;

--
-- Name: room; Type: TABLE; Schema: public; Owner: postgres
--

CREATE TABLE public.room (
    id integer DEFAULT nextval('public.room_id_req'::regclass) NOT NULL,
    number character varying(5) NOT NULL,
    class integer NOT NULL
);


ALTER TABLE public.room OWNER TO postgres;

--
-- Name: COLUMN room.number; Type: COMMENT; Schema: public; Owner: postgres
--

COMMENT ON COLUMN public.room.number IS 'номер номера';


--
-- Name: COLUMN room.class; Type: COMMENT; Schema: public; Owner: postgres
--

COMMENT ON COLUMN public.room.class IS 'класс номера';


--
-- Name: room_price_id_seq; Type: SEQUENCE; Schema: public; Owner: postgres
--

CREATE SEQUENCE public.room_price_id_seq
    START WITH 1
    INCREMENT BY 1
    NO MINVALUE
    NO MAXVALUE
    CACHE 1;


ALTER TABLE public.room_price_id_seq OWNER TO postgres;

--
-- Name: room_price; Type: TABLE; Schema: public; Owner: postgres
--

CREATE TABLE public.room_price (
    id integer DEFAULT nextval('public.room_price_id_seq'::regclass) NOT NULL,
    room_id integer NOT NULL,
    price_id integer NOT NULL
);


ALTER TABLE public.room_price OWNER TO postgres;

--
-- Name: TABLE room_price; Type: COMMENT; Schema: public; Owner: postgres
--

COMMENT ON TABLE public.room_price IS 'цены на номер';


--
-- Name: COLUMN room_price.id; Type: COMMENT; Schema: public; Owner: postgres
--

COMMENT ON COLUMN public.room_price.id IS 'Идентификатор расценки';


--
-- Name: COLUMN room_price.room_id; Type: COMMENT; Schema: public; Owner: postgres
--

COMMENT ON COLUMN public.room_price.room_id IS 'Идентификатор номера';


--
-- Name: COLUMN room_price.price_id; Type: COMMENT; Schema: public; Owner: postgres
--

COMMENT ON COLUMN public.room_price.price_id IS 'Идентификатор цены';


--
-- Name: room_rent; Type: TABLE; Schema: public; Owner: postgres
--

CREATE TABLE public.room_rent (
    id integer NOT NULL,
    room_id integer NOT NULL,
    first_name character varying(50) NOT NULL,
    last_name character varying(50) NOT NULL,
    phone_no character varying(20) NOT NULL,
    rent_from date NOT NULL,
    rent_to date NOT NULL,
    total_cost integer NOT NULL
);


ALTER TABLE public.room_rent OWNER TO postgres;

--
-- Name: COLUMN room_rent.room_id; Type: COMMENT; Schema: public; Owner: postgres
--

COMMENT ON COLUMN public.room_rent.room_id IS 'идентификатор номера';


--
-- Name: COLUMN room_rent.first_name; Type: COMMENT; Schema: public; Owner: postgres
--

COMMENT ON COLUMN public.room_rent.first_name IS 'имя';


--
-- Name: COLUMN room_rent.last_name; Type: COMMENT; Schema: public; Owner: postgres
--

COMMENT ON COLUMN public.room_rent.last_name IS 'фамилия';


--
-- Name: COLUMN room_rent.phone_no; Type: COMMENT; Schema: public; Owner: postgres
--

COMMENT ON COLUMN public.room_rent.phone_no IS 'номер телефона';


--
-- Name: COLUMN room_rent.rent_from; Type: COMMENT; Schema: public; Owner: postgres
--

COMMENT ON COLUMN public.room_rent.rent_from IS 'начало аренды';


--
-- Name: COLUMN room_rent.rent_to; Type: COMMENT; Schema: public; Owner: postgres
--

COMMENT ON COLUMN public.room_rent.rent_to IS 'конец аренды';


--
-- Name: COLUMN room_rent.total_cost; Type: COMMENT; Schema: public; Owner: postgres
--

COMMENT ON COLUMN public.room_rent.total_cost IS 'итоговая стоимость';


--
-- Name: room_rent_id_seq; Type: SEQUENCE; Schema: public; Owner: postgres
--

CREATE SEQUENCE public.room_rent_id_seq
    AS integer
    START WITH 1
    INCREMENT BY 1
    NO MINVALUE
    NO MAXVALUE
    CACHE 1;


ALTER TABLE public.room_rent_id_seq OWNER TO postgres;

--
-- Name: room_rent_id_seq; Type: SEQUENCE OWNED BY; Schema: public; Owner: postgres
--

ALTER SEQUENCE public.room_rent_id_seq OWNED BY public.room_rent.id;


--
-- Name: employee id; Type: DEFAULT; Schema: public; Owner: postgres
--

ALTER TABLE ONLY public.employee ALTER COLUMN id SET DEFAULT nextval('public.employee_id_seq'::regclass);


--
-- Name: room_rent id; Type: DEFAULT; Schema: public; Owner: postgres
--

ALTER TABLE ONLY public.room_rent ALTER COLUMN id SET DEFAULT nextval('public.room_rent_id_seq'::regclass);


--
-- Data for Name: employee; Type: TABLE DATA; Schema: public; Owner: postgres
--

COPY public.employee (id, first_name, last_name, phone_no, "position", employment_date) FROM stdin;
3	Egor	Pekinskiy	9359553887	Ї авмҐ	2018-03-03
4	Vlad	Fillipov	9359553818	Є«Ё­Ё­Ј-¬Ґ­Ґ¤¦Ґа	2018-03-03
11	employee	employee	employee	employee	0118-02-06
12	employee	employee	employee	employee	0118-02-06
13	employee	employee	employee	employee	0118-02-06
14	employee	employee	employee	employee	0118-02-06
16	employee	employee	employee	employee	0118-02-06
17	employee	employee	employee	employee	0118-02-06
18	employee	employee	employee	employee	0118-02-06
19	employee	employee	employee	employee	0118-02-06
20	employee	employee	employee	employee	0118-02-06
21	employee	employee	employee	employee	0138-02-03
22	employee	employee	employee	employee	0138-02-03
23	employee	employee	employee	employee	0138-02-03
24	viktor	tester	9635153445	cleaner	0120-03-06
25	viktor	tester	9635153445	cleaner	0120-03-06
26	viktor33	tester	9635153445	cleaner	0120-03-06
27	viktor33	tester	9635153445	cleaner	1891-03-05 BC
28	Vitaliy	Pekinskiy	9359553884	ў« ¤Ґ«Ґж	0118-02-06
29	Vitaliy	Pekinskiy	9359553884	ў« ¤Ґ«Ґж	0118-02-06
30	Vitaliy	Pekinskiy	9359553884	ў« ¤Ґ«Ґж	0118-02-06
31	Vitaliy	Petrov	9359553884	ў« ¤Ґ«Ґж	1783-01-06 BC
32	First	Last	854534	reseption	2020-05-06
34	First	Last	854534	reseption	2020-05-06
36	First	Last	854534	reseption	2020-05-06
37	First	Last	854534	reseption	2020-05-06
38	viktor	tester	9635153445	cleaner	0120-03-06
42	viktor	tester	9635153445	cleaner	0120-03-06
\.


--
-- Data for Name: price; Type: TABLE DATA; Schema: public; Owner: postgres
--

COPY public.price (price_per_day, id, period) FROM stdin;
223	2	10
20	1	1
0	4	1
0	5	1
0	6	1
0	7	1
0	8	1
0	9	1
0	10	1
0	11	1
0	12	1
0	13	1
0	14	1
0	15	1
0	16	1
0	17	1
0	18	1
0	19	1
0	20	1
0	21	1
0	22	1
0	23	1
0	24	1
0	25	1
0	26	1
0	27	1
0	28	1
0	29	1
0	30	1
0	31	1
0	32	1
0	33	1
0	34	1
0	35	1
0	36	1
0	37	1
0	38	1
0	39	1
0	40	1
0	41	1
0	42	1
0	43	1
0	44	1
0	45	1
0	46	1
0	47	1
0	48	1
0	49	1
0	50	1
0	51	1
0	52	1
0	53	1
0	54	1
0	55	1
0	56	1
0	57	1
0	58	1
0	59	1
0	60	1
0	61	1
0	62	1
0	63	1
0	64	1
0	65	1
0	66	1
0	67	1
0	68	1
0	69	1
0	70	1
0	71	1
0	72	1
0	73	1
0	74	1
0	75	1
0	76	1
0	77	1
0	78	1
0	79	1
0	80	1
0	81	1
0	82	1
0	83	1
0	84	1
0	85	1
0	86	1
0	87	1
0	88	1
0	89	1
0	90	1
0	91	1
0	92	1
0	93	1
0	94	1
0	95	1
0	96	1
0	97	1
0	98	1
0	99	1
0	100	1
\.


--
-- Data for Name: room; Type: TABLE DATA; Schema: public; Owner: postgres
--

COPY public.room (id, number, class) FROM stdin;
1	11	4
2	12	4
3	13	4
4	14	3
17	11	3
6	16	3
7	17	3
8	18	3
9	19	3
16	16	3
15	115	3
14	14	3
13	113	3
12	112	3
11	111	3
10	100	3
5	15	3
\.


--
-- Data for Name: room_price; Type: TABLE DATA; Schema: public; Owner: postgres
--

COPY public.room_price (id, room_id, price_id) FROM stdin;
1	1	1
132	14	1
98	15	1
16	2	2
4	16	4
6	4	2
9	3	1
10	4	1
11	5	1
12	6	1
13	7	1
14	8	1
42	3	1
23	4	1
50	5	1
47	6	1
48	7	1
51	8	1
52	9	1
53	10	1
54	11	1
55	12	1
56	13	1
57	14	1
58	15	1
2	2	4
\.


--
-- Data for Name: room_rent; Type: TABLE DATA; Schema: public; Owner: postgres
--

COPY public.room_rent (id, room_id, first_name, last_name, phone_no, rent_from, rent_to, total_cost) FROM stdin;
7	1	Grigoriy	Petrov	9725438122	2020-01-12	2020-04-10	7120
8	2	Vasiliy	Petrov	9725438123	2020-02-12	2020-02-13	100
9	3	Eugen	Petrov	9725438124	2018-06-22	2018-06-30	720
10	4	Max	Petrov	9725438125	2019-12-31	2020-01-02	450
11	5	Dmitriy	Petrov	9725438126	2020-01-01	2020-01-03	450
12	6	Andrey	Petrov	9725438127	2020-12-31	2020-01-03	400
14	4	2020-01-02	2020-01-02	333	2020-01-02	2020-01-02	444
16	1	ff	hhhh	33333	2020-05-15	2020-05-17	60
17	1	1	1	1	2020-05-15	2020-05-17	60
18	1	Иван	Стерлингов	9551239595	2020-05-15	2020-05-19	100
19	1	1	1	1	2020-05-15	2020-05-17	60
\.


--
-- Name: employee_id_seq; Type: SEQUENCE SET; Schema: public; Owner: postgres
--

SELECT pg_catalog.setval('public.employee_id_seq', 42, true);


--
-- Name: price_Id_seq; Type: SEQUENCE SET; Schema: public; Owner: postgres
--

SELECT pg_catalog.setval('public."price_Id_seq"', 259, true);


--
-- Name: room_id_req; Type: SEQUENCE SET; Schema: public; Owner: postgres
--

SELECT pg_catalog.setval('public.room_id_req', 261, true);


--
-- Name: room_price_id_seq; Type: SEQUENCE SET; Schema: public; Owner: postgres
--

SELECT pg_catalog.setval('public.room_price_id_seq', 256, true);


--
-- Name: room_rent_id_seq; Type: SEQUENCE SET; Schema: public; Owner: postgres
--

SELECT pg_catalog.setval('public.room_rent_id_seq', 19, true);


--
-- Name: employee employee_pkey; Type: CONSTRAINT; Schema: public; Owner: postgres
--

ALTER TABLE ONLY public.employee
    ADD CONSTRAINT employee_pkey PRIMARY KEY (id);


--
-- Name: price pkprice; Type: CONSTRAINT; Schema: public; Owner: postgres
--

ALTER TABLE ONLY public.price
    ADD CONSTRAINT pkprice PRIMARY KEY (id);


--
-- Name: room_price pkroom_price; Type: CONSTRAINT; Schema: public; Owner: postgres
--

ALTER TABLE ONLY public.room_price
    ADD CONSTRAINT pkroom_price PRIMARY KEY (id);


--
-- Name: room room_pkey; Type: CONSTRAINT; Schema: public; Owner: postgres
--

ALTER TABLE ONLY public.room
    ADD CONSTRAINT room_pkey PRIMARY KEY (id);


--
-- Name: room_rent room_rent_pkey; Type: CONSTRAINT; Schema: public; Owner: postgres
--

ALTER TABLE ONLY public.room_rent
    ADD CONSTRAINT room_rent_pkey PRIMARY KEY (id);


--
-- Name: room_price fk_room_price_price; Type: FK CONSTRAINT; Schema: public; Owner: postgres
--

ALTER TABLE ONLY public.room_price
    ADD CONSTRAINT fk_room_price_price FOREIGN KEY (price_id) REFERENCES public.price(id);


--
-- Name: room_price fk_room_price_room; Type: FK CONSTRAINT; Schema: public; Owner: postgres
--

ALTER TABLE ONLY public.room_price
    ADD CONSTRAINT fk_room_price_room FOREIGN KEY (room_id) REFERENCES public.room(id);


--
-- Name: room_rent room_rent_room_id_fkey; Type: FK CONSTRAINT; Schema: public; Owner: postgres
--

ALTER TABLE ONLY public.room_rent
    ADD CONSTRAINT room_rent_room_id_fkey FOREIGN KEY (room_id) REFERENCES public.room(id);


--
-- PostgreSQL database dump complete
--

